uuid,date,numb,text
099c9d82-3e66-4145-af82-a81a24bec4ec,2022-01-27,146.585,f7e873f10
b6c0af43-5ed0-446d-ab42-576b405ce724,2022-01-28,91.787,6bcbe397d
0e95ff9a-f8a3-497f-a07e-44dcbdb97e09,2022-01-29,69.353,20ca95fbf
189624ad-639a-442a-be20-47ba7b461f11,2022-01-30,130.642,5a43cf95e
b4624537-e89d-4114-8467-9f34ba8c7315,2022-01-31,73.63,fe93bfd21
f3dc9c4c-8d43-4a4c-8199-9aa168369883,2022-02-01,162.636,fe0f91d50
66aa8f53-016f-4ff4-bc0d-c3aa579e6e3f,2022-02-02,134.124,cd80651ac
379b7624-0b19-4526-992f-57e457a3de29,2022-02-03,178.968,e3e9e63b2
8f09651f-50cf-48f5-b8e1-789f2e945583,2022-02-04,5.978,fb9ce28ab
18de2b85-eb69-450a-916a-a907377db59b,2022-02-05,13.078,bece053dc
35dc4b43-4716-4e17-8008-230152be602c,2022-02-06,86.457,1917a57cf
5bd8a315-4423-4070-999a-fc8904d1c664,2022-02-07,162.837,a9e8f2283
ee16d115-0b5c-44ca-b70c-3d75f730ff2d,2022-02-08,60.822,f8ed28050
30fbd921-52a6-4754-82ef-22db6f50b5de,2022-02-09,137.951,91dc7ab86
cb697b91-8ba2-4add-93db-fc85d9861b27,2022-02-10,129.483,da7dbaae7
60ca5c0a-e13d-43b5-8813-62a5a6edf509,2022-02-11,187.753,96fd5c3ba
f4e36976-aca2-4511-a23e-b95f84e91e84,2022-02-12,140.737,ceb836e4e
1c8b078e-e453-4d1a-95e8-ef1883b56fae,2022-02-13,84.644,1e8cb0c12
ebe0e89e-8a8c-4f52-aa83-fd80a4707f07,2022-02-14,86.339,911ee1d58
29727c18-4054-4369-b2d1-29ad898145b4,2022-02-15,106.288,07aeb6f00
e546b7bc-2d9c-4187-b825-c7883bb75f94,2022-02-16,46.898,bb069e5d5
80506273-19bd-4966-91de-2d9627528d73,2022-02-17,111.424,ef2d3151e
577da971-e0b1-42ca-9f45-fdd4d80d5ad5,2022-02-18,94.411,c8d4d7b9e
044768da-aacd-43db-97ec-dcdcc16ef791,2022-02-19,4.06,a40b4c9fa
42400bca-e601-40f4-9440-626284f1c6ce,2022-02-20,17.294,616a185e9
3c28be6b-e6d9-4b5e-88fd-31569666dad4,2022-02-21,71.282,f079eb754
74362237-494f-4e5b-8573-4c01187cc2b0,2022-02-22,79.215,8ee622bdd
b28d69bd-9c6c-4153-b8ee-7f3e377ff220,2022-02-23,31.389,a6564540c
3f40333c-a892-4e5c-a353-b84c838f0bba,2022-02-24,160.216,33dd7d3f3
d12f0442-d078-4afc-a4d0-352dacdebe45,2022-02-25,190.232,2dcdd80cd
e04b0217-5993-4903-a845-a7c67cb00a64,2022-02-26,163.44,2742f2c44
2480d12c-31a6-4efd-8b3c-b30978c27635,2022-02-27,51.29,2785baa9c
bba2bc2f-72ba-41f4-8438-1a641f593b55,2022-02-28,162.853,4a7f79553
8f823873-53e7-4226-a13d-429c3743f77e,2022-03-01,13.903,cacbb7e6c
30ccdfdf-0f17-4feb-a0f3-2aacea37091b,2022-03-02,179.385,01e70f4bb
4bf4b193-2f41-4e00-b9f1-65a8e268272e,2022-03-03,7.379,795b3a123
29d17309-366a-487a-9c48-cad92d64de27,2022-03-04,20.656,f2ffcb687
d31ec6de-87d3-4fc6-8024-d80bcd3b559d,2022-03-05,107.399,dcaf95f7a
9a424503-371f-4116-9891-39b5ed305c4c,2022-03-06,21.936,de008d651
eda595b9-7a69-4456-8e8e-a968d4b2366d,2022-03-07,154.601,0b963a602
07aca41b-5693-4d63-9110-4543d94868dc,2022-03-08,155.213,978d7b85a
8210b4cb-3012-4826-94db-303b6e5a748d,2022-03-09,110.762,5aa02a805
cac4b121-4c7b-46e5-aa4e-f75ac1587509,2022-03-10,104.458,209e62015
916ef256-6385-48b3-9459-7dc24611140e,2022-03-11,141.151,4a2cf5074
fad8d496-ffb6-49e6-ae5d-1e4aadaee87c,2022-03-12,166.658,5a3f81e54
32f53957-a257-4808-a27d-217108ab7138,2022-03-13,76.037,c02df3860
ee68b1ff-4211-4646-bbbf-473de3b0287a,2022-03-14,61.394,ec2ac2281
742cc0c0-67ec-4ad8-93ba-25318af9991b,2022-03-15,181.727,ac927b7da
e45f7076-af8e-4dd3-825e-bc94696d3cab,2022-03-16,1.278,64b61d0af
9d8fd737-053b-4599-ba8d-f5b154d604b4,2022-03-17,41.784,67267f740
3e438644-aecc-4c0a-bd6f-0b8df915ecf0,2022-03-18,79.083,83483955b
01cec512-6c3f-4176-a42e-458ab6f7af5b,2022-03-19,20.276,2025dc5f5
e8215212-ccd3-4e38-93e1-05c1a175f98d,2022-03-20,105.708,17aa8d24b
64ad37a5-8824-45f5-89c5-e9e11c20613b,2022-03-21,137.061,842ece771
c309392f-bf8b-47fb-b4c5-ceb8a474bcbf,2022-03-22,30.238,2ac374d46
52700119-1397-4af3-baeb-53f632405a85,2022-03-23,44.641,09c78cb92
d1afdbba-5151-4b16-8cc9-9f71d3300b0e,2022-03-24,186.28,01709115e
b1e76367-234d-4ef0-bd46-c3b59678c20b,2022-03-25,149.233,b08cbe34c
62d7c9e8-e883-4866-974e-e83f0adeeeef,2022-03-26,137.716,a10c5c06a
7975c82d-7b98-4b3c-8c44-6d7e55b3326e,2022-03-27,186.012,d0d3f59a8
debeaf06-5aef-4a4f-9fcf-80dfe25a8e68,2022-03-28,95.307,b831fdf8f
17faae40-e99c-4779-83f6-d6b4cc30c29c,2022-03-29,38.645,b990fc801
fc155045-5774-4339-bfb6-a2e70bfbc6e9,2022-03-30,199.686,d0f42ced6
99dc487e-137b-46e7-a938-eb3085f79535,2022-03-31,112.868,684197717
e016fee2-0491-4b93-ab68-a0c9695c0610,2022-04-01,125.749,30927ab68
a0135f3a-0d98-46ed-9ded-44039f7a9220,2022-04-02,138.033,f893e3c87
9438bc1a-e566-4a5d-9b59-02f612851e13,2022-04-03,70.953,05a78b1d4
8ea5385a-245f-4ded-9865-e2141f0f63b6,2022-04-04,112.094,50ab5ab78
3b289299-b5d3-49d3-9db1-57f1bfe2910d,2022-04-05,11.449,f50e1fb29
4a290fb4-4466-466b-b851-071531b78aed,2022-04-06,135.721,dfb45f48b
2b64f5c0-9827-4d6e-9f12-1501487f14c4,2022-04-07,114.187,ec8e414de
73d5ab6d-9b3b-43ce-94cb-39279f96bb22,2022-04-08,139.194,438c9b876
00821b94-2701-43ca-be0b-3ada17d72d02,2022-04-09,2.26,90338785f
12b10413-1b35-4f51-b947-b1226532c990,2022-04-10,9.008,5d5456f5d
5a07703b-4ac7-4575-991c-ff0c36aec7e6,2022-04-11,109.961,bd7403099
8d148f4f-8323-47f8-9297-074350383c96,2022-04-12,15.076,b1ff20d23
932b41e8-f5aa-4b80-aae2-b60c6698bee4,2022-04-13,111.649,970440393
adc4c4ec-9c5a-4b01-8df1-5ebf527db581,2022-04-14,47.784,0d72e3e5e
bfcb0936-af88-416a-bfe9-e26ce444b4ce,2022-04-15,45.979,5528b774e
e04277f8-156e-4e5e-a242-39761afa19cc,2022-04-16,48.583,372449927
aed9583f-630e-4e5c-905e-f8f7e4fb19db,2022-04-17,18.992,127d9661d
53543650-065e-42c1-87c6-fc32f30d2396,2022-04-18,188.324,afacea304
57621886-b948-4a16-aa9a-71cb3a460404,2022-04-19,93.542,51a062dbd
0096b109-a401-4020-af48-0be560db3831,2022-04-20,72.01,087bc6e44
4722cfda-9aef-4d1a-94d9-04b9ead8dfae,2022-04-21,149.535,a9a3ca814
6f2dd73c-e5cd-469c-bbe1-92cd9533b65a,2022-04-22,63.29,bf55096ba
ef40e524-81ac-43dc-a2d1-7a9b5caf5f12,2022-04-23,123.285,fdbc8611c
d8a1b040-f278-43a5-a0eb-12be30a93ad2,2022-04-24,191.064,770de220b
316c0c26-5600-446b-8680-fe2ddf5eaa51,2022-04-25,152.123,a946b0b60
db12ea6e-2259-4c8e-aac6-e1db8ee1bf1e,2022-04-26,66.419,4cd807013
1e5307e2-9f36-4217-9675-4da53e93bd9a,2022-04-27,112.351,4ec2fe55a
527e19b0-f442-470e-a39c-161d4dc6f970,2022-04-28,71.244,5b0297cab
575c17ea-6c7d-408e-b6fc-490550ea690f,2022-04-29,148.059,9dcb0040e
a1994fd7-3cab-4dba-b817-f1f86998f18b,2022-04-30,128.937,554a9419f
912f0f32-e62d-434f-a623-2274191ad145,2022-05-01,151.693,79076c7ca
ef5c5d3f-1114-4d11-b903-7c9d4372c091,2022-05-02,109.385,1c378876b
0cd29c04-03ff-4b4a-8e24-b79cbce7d12c,2022-05-03,134.101,d3041be92
83337ab7-7a0a-46d9-a326-7498cc1acede,2022-05-04,9.697,6bcf97076
39f12de7-ca4e-44e5-8a20-001e5617bc56,2022-05-05,74.811,a9f699464
9336ea25-c1d3-40b9-be19-9f90dfee5750,2022-05-06,172.113,872d10313
